{
  "version": 1,
  "author": "Anonymous maker",
  "editor": "wokwi",
  "parts": [
    { "type": "wokwi-breadboard-half", "id": "bb1", "top": 189, "left": -381.2, "attrs": {} },
    { "type": "board-esp32-devkit-c-v4", "id": "esp", "top": 0, "left": 0, "attrs": {} },
    {
      "type": "wokwi-lcd2004",
      "id": "lcd1",
      "top": 6.4,
      "left": 197.6,
      "attrs": { "pins": "i2c" }
    },
    { "type": "wokwi-mpu6050", "id": "imu1", "top": -44.18, "left": -276.08, "attrs": {} },
    {
      "type": "wokwi-pushbutton",
      "id": "btn1",
      "top": 258.6,
      "left": -160.2,
      "rotate": 90,
      "attrs": { "color": "green" }
    },
    {
      "type": "wokwi-resistor",
      "id": "r1",
      "top": 234.35,
      "left": -192,
      "attrs": { "value": "10000" }
    }
  ],
  "connections": [
    [ "esp:TX", "$serialMonitor:RX", "", [] ],
    [ "esp:RX", "$serialMonitor:TX", "", [] ],
    [ "lcd1:SCL", "esp:22", "green", [ "h-57.6", "v0.3" ] ],
    [ "lcd1:SDA", "esp:21", "green", [ "h-76.8", "v0.2" ] ],
    [ "lcd1:VCC", "esp:5V", "red", [ "h-28.8", "v201.7", "h-182.4", "v-19.2" ] ],
    [ "lcd1:GND", "esp:GND.2", "black", [ "h-76.8", "v-9.6" ] ],
    [ "btn1:1.l", "bb1:26t.b", "", [ "$bb" ] ],
    [ "btn1:2.l", "bb1:24t.b", "", [ "$bb" ] ],
    [ "btn1:1.r", "bb1:26b.g", "", [ "$bb" ] ],
    [ "btn1:2.r", "bb1:24b.g", "", [ "$bb" ] ],
    [ "r1:1", "bb1:18t.a", "", [ "$bb" ] ],
    [ "r1:2", "bb1:24t.a", "", [ "$bb" ] ],
    [ "esp:3V3", "bb1:tp.25", "green", [ "h0" ] ],
    [ "esp:GND.1", "bb1:tn.24", "black", [ "h0" ] ],
    [ "esp:D2", "btn1:2.l", "green", [ "h0" ] ],
    [ "r1:1", "bb1:tn.15", "green", [ "v0" ] ],
    [ "imu1:VCC", "esp:3V3", "red", [ "v-28.8", "h9.68" ] ],
    [ "imu1:SDA", "esp:21", "blue", [ "v-48", "h364.88", "v163.2" ] ],
    [ "imu1:SCL", "esp:22", "orange", [ "v-76.8", "h374.48", "v163.2" ] ],
    [ "imu1:GND", "esp:GND.1", "black", [ "v0" ] ]
  ],
  "dependencies": {}
}